連番,氏名,氏名（カタカナ）,性別,電話番号,生年月日
1,桑田孝明,クワタタカアキ,男,0438226572,1995/07/01
2,古谷幸恵,フルヤユキエ,女,0289369557,1990/07/27
3,鬼頭可憐,キトウカレン,女,0982135950,1970/10/02
4,和泉葉奈,イズミハナ,女,0954815374,1961/04/19
5,吉村薫理,ヨシムラカオリ,女,0581316018,1971/03/05
6,宮脇由夫,ミヤワキヨシオ,男,0883425771,1993/04/01
7,宇野冨士子,ウノフジコ,女,0892085900,1967/04/23
8,河原正吾,カワハラショウゴ,男,0993338205,1972/02/05
9,河原雄一,カワハラユウイチ,男,096607883,1966/05/06
10,三橋金作,ミハシキンサク,男,0442076565,1992/03/22
11,柳江介,ヤナギコウスケ,男,0880020447,1974/09/09
12,阪本伊織,サカモトイオリ,女,0973985711,1979/04/29
13,山根成良,ヤマネナルヨシ,男,0792551996,1996/05/03
14,名取英二,ナトリエイジ,男,0887391678,1962/11/21
15,富山日出男,トミヤマヒデオ,男,0188422064,1972/12/30
16,恩田武夫,オンダタケオ,男,0740406098,1963/06/10
17,前原崇,マエハラタカシ,男,026979298,1974/08/16
18,菅原勝巳,スガハラカツミ,男,0592804615,1968/09/17
19,安井菜々,ヤスイナナ,女,0823321151,1970/01/17
20,坂野美里,サカノミサト,女,0559873219,1976/03/13
21,海老原充,エビハラミツル,男,0747675996,1993/05/15
22,仲田浩子,ナカダヒロコ,女,0239032843,1990/01/19
23,河本和幸,カワモトカズユキ,男,0765201876,1960/07/30
24,豊田響,トヨダヒビキ,女,058942990,1981/06/06
25,飯田雄海,イイダユウミ,男,0820765087,1998/05/27
26,三井凪,ミツイナギ,女,0854185121,1997/07/16
27,角田昌幸,カクタマサユキ,男,0594035226,1964/06/09
28,熊谷国男,クマガヤクニオ,男,0961814831,1975/10/23
29,秋本泰憲,アキモトヤスノリ,男,0437688877,1992/02/23
30,小林涼香,コバヤシスズカ,女,0246843341,1991/07/03
31,柳義一,ヤナギギイチ,男,0154313357,1967/07/20
32,三谷晴久,ミタニハルヒサ,男,0554636640,1973/04/18
33,谷由香里,タニユカリ,女,0985139488,1989/07/20
34,栗田英三,クリタエイゾウ,男,0942249760,1973/04/11
35,星野一義,ホシノカズヨシ,男,0427279650,1963/07/16
36,深井輝子,フカイテルコ,女,0897987303,1986/10/07
37,野崎新吉,ノザキシンキチ,男,0770567079,1960/08/23
38,坂東伊代,バンドウイヨ,女,0737536029,1997/11/04
39,宮田康子,ミヤタヤスコ,女,0720556901,1962/10/01
40,大淵孝幸,オオブチタカユキ,男,0779097420,1967/04/15
41,梅田夕菜,ウメダユウナ,女,0826860841,1982/09/08
42,大島友美,オオシマユミ,女,0836700503,1990/01/26
43,河口悠斗,カワグチユウト,男,0928884579,1964/07/08
44,河上陽華,カワカミハルカ,女,0455702689,1970/08/25
45,浅野恒雄,アサノツネオ,男,0539283305,1973/02/26
46,本山遥,モトヤマハルカ,女,094267962,1992/02/24
47,伊沢ひめか,イザワヒメカ,女,0776471678,1997/06/29
48,川井哲郎,カワイテツロウ,男,0778314196,1961/12/11
49,水上五月,ミズカミサツキ,女,0955706645,1970/04/09
50,小山田勝子,オヤマダカツコ,女,0880476561,1979/03/30
51,上条亮一,カミジョウリョウイチ,男,0887217136,1988/12/18
52,高木晴彦,タカギハルヒコ,男,0895219656,1978/02/11
53,中野清一郎,ナカノセイイチロウ,男,0749357016,1966/02/12
54,陳茂志,チンシゲシ,男,0330353593,1982/08/28
55,中谷祐子,ナカタニユウコ,女,0177840941,1995/05/19
56,河田利明,カワダトシアキ,男,0863022160,1959/05/29
57,江原瑠奈,エバラルナ,女,0760101444,1989/10/18
58,浅井義昭,アサイヨシアキ,男,0885680775,1972/07/11
59,古河美来,フルカワミク,女,0983566918,1974/07/28
60,金田恵美子,カナダエミコ,女,0746324915,1994/01/05
61,秋山優希,アキヤマユウキ,女,0931423026,1975/05/05
62,西谷勝昭,ニシタニカツアキ,男,0290382981,1985/12/27
63,及川裕之,オイカワヒロユキ,男,0884222564,1982/09/17
64,木戸風雅,キドフウガ,男,0470861463,1995/03/09
65,結城秋友,ユウキアキトモ,男,0954644983,1977/01/14
66,板垣舞桜,イタガキマオ,女,054530747,1990/04/17
67,中果歩,ナカカホ,女,0442951588,1960/11/03
68,浅野哲史,アサノテツシ,男,0783839752,1969/05/15
69,西沢大輔,ニシザワダイスケ,男,0820372921,1964/09/09
70,土橋英世,ツチハシヒデヨ,男,0674921799,1981/12/18
71,塩谷茂行,シオタニシゲユキ,男,0237693194,1980/03/06
72,相田和葉,アイダカズハ,女,0227360458,1981/03/20
73,末吉政治,スエヨシマサジ,男,0244540581,1975/08/17
74,安井孝一,ヤスイコウイチ,男,0457054160,1982/01/11
75,桜井英実,サクライヒデミ,男,0776137064,1969/08/05
76,都築晋,ツズキススム,男,0763285115,1987/11/20
77,諸星健太,モロボシケンタ,男,0961204338,1982/09/27
78,泉成康,イズミナリヤス,男,0460655825,1993/09/14
79,新川愛海,シンカワマナミ,女,0763179257,1976/08/06
80,浜口知世,ハマグチトモヨ,女,0952973026,1988/10/04
81,寺島倫子,テラシマミチコ,女,0548607997,1980/02/21
82,浅井悠里,アサイユウリ,女,0749890113,1981/04/02
83,柳川充照,ヤナガワミツテル,男,0460608954,1977/06/14
84,久保淳三,クボジュンゾウ,男,0256550951,1963/07/21
85,浅沼琴美,アサヌマコトミ,女,0934981154,1963/07/10
86,小坂祐希,オサカユウキ,女,0880165268,1977/02/05
87,伊東実緒,イトウミオ,女,0780789690,1962/04/21
88,日比野春江,ヒビノハルエ,女,0980206688,1993/09/15
89,篠田浩俊,シノダヒロトシ,男,0955663954,1981/10/03
90,鶴岡尚,ツルオカタカシ,男,0864220369,1970/06/08
91,曽我正光,ソガマサミツ,男,0367675872,1977/05/16
92,生田亮太,イクタリョウタ,男,0191561004,1996/02/11
93,多田宏次,オオタコウジ,男,0841279536,1995/05/11
94,中里善吉,ナカザトゼンキチ,男,0875867545,1988/05/08
95,大井章,オオイアキラ,男,0696453867,1979/04/21
96,山野民男,ヤマノタミオ,男,0554556592,1962/01/26
97,立石宗一,タテイシソウイチ,男,0172707701,1972/03/02
98,北田貞男,キタダサダオ,男,0887229985,1982/02/01
99,小柳巌,コヤナギイワオ,男,0162886469,1987/09/13
100,竹田雪菜,タケダユキナ,女,0234207008,1966/12/16
101,山岸徳康,ヤマギシトクヤス,男,0496003226,1971/08/10
102,柳川英三,ヤナガワエイゾウ,男,0856777517,1987/08/12
103,野原長平,ノハラチョウヘイ,男,0890022960,1964/05/22
104,野田葉菜,ノダハナ,女,0955298277,1981/12/26
105,雨宮良男,アメミヤヨシオ,男,0494802318,1963/04/09
106,古河千姫呂,フルカワチヒロ,女,0482891280,1997/03/01
107,久保涼花,クボスズカ,女,0942051961,1987/09/07
108,相原葵,アイハラアオイ,女,0553968148,1973/12/22
109,石野啓三,イシノケイゾウ,男,0774929383,1970/08/15
110,木田綾乃,キダアヤノ,女,0189074709,1986/11/23
111,杉本紳悟,スギモトシンゴ,男,076139217,1964/08/08
112,入江菜央,イリエナオ,女,0972630694,1979/05/16
113,大和田純,オオワダジュン,男,0553402418,1968/09/03
114,村木美愛,ムラキミア,女,0985935251,1992/01/25
115,安西友洋,アンザイトモヒロ,男,0461860957,1975/02/18
116,玉木祐一郎,タマギユウイチロウ,男,0543603319,1974/11/11
117,岡山美幸,オカヤマミユキ,女,0955874986,1961/08/06
118,西沢雅敏,ニシザワマサトシ,男,0980384616,1965/02/02
119,泉一也,イズミカズヤ,男,0341412524,1987/12/28
120,竹田喜弘,タケダヨシヒロ,男,0577839952,1993/02/17
121,真田真央,サナダマオ,女,0225324017,1970/03/20
122,石原優太,イシハラユウタ,男,0749338025,1964/01/17
123,河口清治,カワグチセイジ,男,052576301,1974/01/20
124,梅津瑞稀,ウメヅミズキ,女,0984834087,1998/04/16
125,大関麻耶,オオゼキマヤ,女,0848825648,1968/12/05
126,北条利津子,ホウジョウリツコ,女,0734194628,1991/01/17
127,石倉梨央,イシクラリオ,女,0451497308,1997/06/11
128,宮川満夫,ミヤカワミツオ,男,0237968997,1960/06/26
129,高村諭,タカムラサトシ,男,0896307741,1988/01/13
130,宮川美南,ミヤカワミナミ,女,0877479421,1989/03/15
131,萩原政夫,ハギワラマサオ,男,0278747594,1969/10/05
132,福岡妃菜,フクオカヒナ,女,096771024,1968/06/04
133,篠原康男,シノハラヤスオ,男,0195051627,1971/06/20
134,井上琴,イノウエコト,女,0191314006,1979/05/22
135,安部好子,アベヨシコ,女,0989395156,1986/10/15
136,皆川杏里,ミナガワアンリ,女,0420924822,1997/06/05
137,水田敏明,ミズタトシアキ,男,0295658427,1976/08/31
138,武内陳雄,タケウチノブオ,男,0244283039,1994/11/01
139,杉本智也,スギモトトモヤ,男,0954055563,1986/04/02
140,桜井博昭,サクライヒロアキ,男,0174702387,1996/10/31
141,岩崎啓子,イワサキケイコ,女,0735379513,1971/12/02
142,関谷啓三,セキヤケイゾウ,男,0157049923,1970/04/14
143,若松愛実,ワカマツマナミ,女,0137274420,1971/10/30
144,柏木利明,カシワギトシアキ,男,0266149918,1989/02/03
145,奥野瀬那,オクノセナ,男,0882627104,1996/11/15
146,滝菜々子,タキナナコ,女,0555856289,1989/08/11
147,赤井碧依,アカイアオイ,女,0794823410,1993/12/25
148,野呂雅彦,ノロマサヒコ,男,0978675924,1974/09/21
149,梅村辰夫,ウメムラタツオ,男,0834315145,1979/03/02
150,藤木佳音,フジキケイト,女,0259429417,1997/04/12
151,田上善之,タウエヨシユキ,男,0958772010,1987/06/24
152,松井功,マツイイサオ,男,0884666230,1963/04/17
153,斎藤巧,サイトウタクミ,男,0820791535,1962/12/24
154,石原小梅,イシハラコウメ,女,0767516409,1998/05/24
155,真鍋正広,マナベマサヒロ,男,0981051457,1960/04/15
156,桜井豊子,サクライトヨコ,女,0681194480,1990/08/03
157,矢野哲郎,ヤノテツロウ,男,0537088525,1985/05/11
158,土橋唯衣,ツチハシユイ,女,0734419955,1978/09/01
159,川田伸夫,カワダノブオ,男,0964103392,1977/02/27
160,鮫島可憐,サメジマカレン,女,0597757784,1972/03/30
161,梅田朱里,ウメダアカリ,女,0270299378,1979/06/18
162,古川夢,フルカワユメ,女,0948530432,1986/11/24
163,小俣花蓮,オマタカレン,女,0848882528,1998/05/12
164,河井武男,カワイタケオ,男,0792103603,1971/04/12
165,中田涼子,ナカダリョウコ,女,0583016508,1977/12/14
166,西島花子,ニシジマハナコ,女,0295013518,1981/11/25
167,瀬川弥生,セガワヤヨイ,女,0580528737,1982/08/26
168,三上恵利,ミカミエリ,女,0875770881,1974/10/11
169,佐伯佐太郎,サエキサタロウ,男,0272791343,1979/04/05
170,冨田響,トミタヒビキ,女,0764127732,1973/05/02
171,赤坂優起,アカサカユウキ,男,0779314564,1984/05/03
172,東若菜,アズマワカナ,女,0875581871,1979/06/15
173,赤羽留美,アカバネルミ,女,088385856,1980/03/07
174,田村碧依,タムラアオイ,女,0431892589,1976/07/08
175,谷本俊一,タニモトシュンイチ,男,0742348615,1960/10/05
176,奈良武裕,ナラタケヒロ,男,0877405109,1964/12/31
177,磯野日菜乃,イソノヒナノ,女,0440065603,1986/02/05
178,船橋瑠菜,フナバシルナ,女,0275922639,1963/06/25
179,遠山由里子,トオヤマユリコ,女,0157591900,1961/08/31
180,百瀬雅夫,モモセマサオ,男,0627784651,1978/03/07
181,柳沢英樹,ヤナギサワヒデキ,男,0774893266,1984/06/01
182,浜由依,ハマユイ,女,0386520950,1967/05/05
183,羽田安男,ハタヤスオ,男,0245827703,1982/06/02
184,細田麻由,ホソダマユ,女,0195787540,1966/06/23
185,小栗泰介,オグリタイスケ,男,0899596446,1960/10/12
186,吉川雛乃,ヨシカワヒナノ,女,0402194798,1987/04/14
187,葛西政男,カサイマサオ,男,0259246420,1975/09/25
188,長浜桃佳,ナガハマモモカ,女,0858288653,1979/06/24
189,木村優佳,キムラユウカ,女,0768354028,1978/02/20
190,志村信孝,シムラノブタカ,男,0277947327,1969/12/22
191,内山羽菜,ウチヤマハナ,女,074229854,1985/02/28
192,白鳥梓,シラトリアズサ,女,0969781010,1959/11/09
193,阪本雛,サカモトヒナ,女,0280409935,1966/04/02
194,大和田由起夫,オオワダユキオ,男,0256720045,1968/07/14
195,片山真理子,カタヤママリコ,女,0553259158,1993/05/07
196,雨宮裕信,アメミヤヒロノブ,男,0451436576,1993/11/07
197,坂下陳雄,サカシタノブオ,男,0313333575,1977/08/27
198,日野保,ヒノタモツ,男,0763919625,1986/12/19
199,永瀬久典,ナガセヒサノリ,男,0763415179,1967/04/01
200,熊沢凪紗,クマザワナギサ,女,0858894719,1988/01/07
201,小倉弘一,オグラコウイチ,男,0836548712,1960/06/02
202,三谷信孝,ミタニノブタカ,男,0276552882,1962/09/21
203,関根裕人,セキネヒロト,男,0776061125,1975/03/25
204,長田薫,ナガタカオル,女,0736345460,1999/03/24
205,沢健司,サワケンジ,男,0269397506,1965/05/27
206,安部詩音,アベシオン,女,0434514914,1968/11/12
207,浜野昌宏,ハマノマサヒロ,男,0778696106,1960/02/06
208,比嘉果穂,ヒガカホ,女,054553692,1970/10/31
209,尾上涼香,オガミスズカ,女,0995362543,1990/05/31
210,新井帆花,アライホノカ,女,0763391351,1985/05/23
211,高津真結,タカツマユ,女,0279865573,1987/09/09
212,中林絢香,ナカバヤシアヤカ,女,0594187257,1965/04/24
213,若山公一,ワカヤマコウイチ,男,0776938508,1988/10/31
214,立川理絵,タチカワリエ,女,0401561373,1997/04/23
215,大江結依,オオエユイ,女,0458174352,1991/02/02
216,石井文音,イシイアヤネ,女,0952416180,1971/02/15
217,石岡孝司,イシオカタカシ,男,0298932211,1971/11/03
218,森島雛子,モリシマヒナコ,女,0766664640,1993/08/05
219,石塚栄次,イシヅカエイジ,男,0983504687,1963/06/10
220,早坂凛子,ハヤサカリンコ,女,0742524057,1983/10/10
221,森慶治,モリケイジ,男,0173740572,1992/09/23
222,難波賢,ナンバケン,男,0527864999,1984/11/09
223,森永雫,モリナガシズク,女,0858289212,1963/10/11
224,石沢伍朗,イシザワゴロウ,男,0964321490,1959/10/09
225,笹本広司,ササモトヒロシ,男,0983481092,1997/06/23
226,木田俊郎,キダトシロウ,男,0495993079,1997/03/11
227,中西由利子,ナカニシユリコ,女,0837946147,1968/03/15
228,大谷麻美,オオヤアサミ,女,0585948772,1966/08/06
229,矢田広明,ヤダヒロアキ,男,0521196053,1976/11/09
230,関口紗羽,セキグチサワ,女,0766674190,1967/07/03
231,安斎梨加,アンザイリカ,女,0276684333,1982/07/14
232,高橋秋華,タカハシアキカ,女,0965741520,1990/06/07
233,山崎有沙,ヤマザキアリサ,女,0179916122,1960/09/06
234,竹田徳一,タケダトクイチ,男,0820991903,1983/06/23
235,喜多和比古,キタカズヒコ,男,0857530196,1980/05/31
236,門田利明,カドタトシアキ,男,0856042834,1961/05/31
237,大崎友一,オオサキトモカズ,男,0744690865,1973/04/26
238,粕谷裕人,カスヤヒロト,男,0877721013,1971/08/17
239,中嶋世菜,ナカジマセナ,女,0799787076,1989/06/07
240,越智公子,オチキミコ,男,0266072954,1961/07/13
241,渡邊和,ワタナベノドカ,女,0836868684,1977/05/19
242,高松芳美,タカマツヨシミ,女,0110042161,1986/10/12
243,深田結花,フカダユイカ,女,0187179714,1982/03/24
244,村松林檎,ムラマツリンゴ,女,086588338,1960/04/02
245,大村信男,オオムラノブオ,男,0824349825,1986/12/22
246,三島汎平,ミシマハンペイ,男,0966814503,1986/04/26
247,金谷雫,カナヤシズク,女,0416053428,1977/10/25
248,村井邦彦,ムライクニヒコ,男,0235237841,1979/03/22
249,武井美紀,タケイミキ,女,076697083,1975/11/28
250,古橋慶一,フルハシケイイチ,男,0241670754,1989/09/15
251,磯崎日奈,イソザキヒナ,女,0984076631,1972/07/24
252,柏木完治,カシワギカンジ,男,0983020396,1982/08/07
253,植田隆則,ウエダタカノリ,男,0955845187,1987/10/06
254,倉持琴音美,クラモチコトミ,女,0179697244,1991/03/18
255,諸星菜摘,モロボシナツミ,女,0887620484,1967/12/13
256,立花志穂,タチバナシホ,女,0878485123,1960/11/28
257,村山健治,ムラヤマケンジ,男,0968097438,1965/05/14
258,大和田香,オオワダカオル,女,0740871487,1970/04/29
259,難波信次,ナンバシンジ,男,0959538853,1978/11/01
260,亀山節男,カメヤマセツオ,男,0257181526,1987/06/01
261,藤井健之,フジイケンジ,男,0198587660,1964/04/18
262,桑原章子,クハバラアキコ,女,082535657,1972/05/28
263,高崎里歌,タカサキリカ,女,055382238,1985/05/29
264,小暮平八郎,コグレヘイハチロウ,男,0274903532,1993/08/10
265,真野真桜,マノマオ,女,0420475038,1967/06/04
266,遠山広志,トオヤマヒロシ,男,0748670140,1969/06/07
267,諸星豊樹,モロボシトヨキ,男,0988379597,1964/02/02
268,菊田鼓,キクタツヅミ,女,0736665396,1998/05/04
269,杉村良一,スギムラリョウイチ,男,0233389295,1965/10/02
270,松川幸作,マツカワコウサク,男,0875432110,1983/10/26
271,庄司奈菜,ショウジナナ,女,0990049908,1963/10/06
272,堀田徹子,ホッタテツコ,女,0993357203,1991/04/15
273,広川宏光,ヒロカワヒロミツ,男,0246128053,1970/09/24
274,茂木朱音,モギアカネ,女,0885844422,1966/02/27
275,古谷愛子,フルヤアイコ,女,0956309071,1985/05/08
276,富沢紀男,トミザワノリオ,男,0799351923,1987/12/27
277,諏訪修司,スワシュウジ,男,05225529,1993/05/11
278,鵜飼康之,ウカイヤスユキ,男,0197802219,1990/09/11
279,滝口武彦,タキグチタケヒコ,男,0880453117,1983/07/13
280,島津佳菜絵,シマヅカナエ,女,0736078698,1997/12/20
281,斉藤宣政,サイトウノブマサ,男,0778872087,1964/10/23
282,大野比呂美,オオノヒロミ,女,0770755792,1963/07/22
283,我妻柚希,アガツマユズキ,女,0257097433,1998/04/15
284,篠原知美,シノハラトモミ,女,0287196848,1962/12/29
285,谷陽保,タニハルヤス,男,0277075838,1989/11/01
286,木本恒男,キモトツネオ,男,0276956352,1983/10/25
287,熊田宗男,クマダムネオ,男,0889066213,1959/12/17
288,亀井美樹子,カメイミキコ,女,0889412402,1973/03/30
289,石井晴奈,イシイハルナ,女,0734397820,1983/03/31
290,熊倉美琴,クマクラミコト,女,0859382792,1979/02/16
291,梅沢彦太郎,ウメザワヒコタロウ,男,085790979,1970/01/31
292,今川亀太郎,イマガワカメタロウ,男,0959133189,1983/11/10
293,平岡歩美,ヒラオカアユミ,女,0446028767,1987/01/10
294,辻雅史,ツジマサシ,男,0884837217,1984/03/14
295,浅見揚子,アサミヨウコ,女,0740097586,1987/12/20
296,増井安奈,マスイアンナ,女,0237393084,1997/04/22
297,鈴木桃華,スズキモモカ,女,0976373522,1984/01/02
298,寺本悟,テラモトサトシ,男,0133802278,1985/07/17
299,森口優羽,モリグチユウ,女,0977531935,1982/09/13
300,小坂心,オサカココロ,女,0887402472,1993/09/10
301,細田景子,ホソダケイコ,女,0589139700,1995/09/11
302,筒井真幸,ツツイマサキ,男,0385347401,1963/08/07
303,赤井忠男,アカイタダオ,男,0191367518,1962/02/14
304,倉持米子,クラモチヨネコ,女,0276748344,1992/11/17
305,布施季和,フセキワ,女,0875743338,1993/04/02
306,高柳正孝,タカヤナギマサタカ,男,0259063850,1988/01/14
307,高坂佳代,コウサカカヨ,女,0972765681,1995/06/24
308,楠祐介,クスノキユウスケ,男,0176385499,1971/01/01
309,新谷法子,アラヤノリコ,女,0828140970,1968/08/25
310,吉永健志,ヨシナガタケシ,男,0238988969,1967/12/20
311,稲田佳穂,イナダカホ,女,0865763434,1995/09/13
312,山本沙菜,ヤマモトサナ,女,0786628513,1984/06/24
313,西沢登美子,ニシザワトミコ,女,0449888252,1975/04/05
314,久野蒼,ヒサノアオイ,女,0972897695,1975/10/05
315,垣内宏寿,カキウチヒロトシ,男,0897773357,1961/11/06
316,塩沢孝夫,シオザワタカオ,男,0290633816,1987/11/09
317,小田結衣,オダユイ,女,085829936,1961/04/07
318,坪田芳雄,ツボタヨシオ,男,089848123,1992/09/29
319,西原日奈,ニシハラヒナ,女,0331680615,1961/07/22
320,小林秋男,コバヤシアキオ,男,0285254566,1988/12/20
321,紺野悟,コンノサトシ,男,0465982038,1973/02/05
322,中尾章,ナカオアキラ,男,0155120008,1963/03/11
323,清野美愛,キヨノミア,女,0762198166,1989/06/14
324,真鍋成良,マナベナルヨシ,男,0952453042,1969/12/24
325,野崎駿,ノザキシュン,男,0260548858,1985/10/17
326,羽鳥幸,ハトリサチ,女,0882114958,1975/06/19
327,中岡昌二,ナカオカショウジ,男,0761097733,1978/08/10
328,城戸葉子,キドヨウコ,女,088992288,1985/07/28
329,安東尚志,アンドウヒサシ,男,022438570,1987/05/27
330,澤田博美,サワダヒロミ,女,0857765249,1988/04/10
331,福地亜実,フクチアミ,女,0868438882,1960/09/15
332,小野寺紀夫,オノデラノリオ,男,0995899829,1987/02/17
333,垣内静男,カキウチシズオ,男,0238723817,1965/06/03
334,今泉麻理子,イマイズミマリコ,女,0749266751,1990/09/10
335,高橋弥太郎,タカハシヤタロウ,男,0237708834,1976/05/24
336,長沢文夫,ナガサワフミオ,男,0288661871,1979/12/13
337,乾仁継,イヌイマサツグ,男,0779912946,1989/10/28
338,山中光義,ヤマナカミツヨシ,男,0483192834,1977/04/12
339,田沢遥,タザワハルカ,女,0776348940,1998/09/27
340,中山美和子,ナカヤマミワコ,女,0528294776,1968/10/30
341,日下部春香,クサカベハルカ,女,0839013502,1966/05/13
342,黒田誠一,クロダセイイチ,男,086714076,1987/02/05
343,庄司菜花,ショウジナノカ,女,0989043940,1967/10/16
344,名取友香,ナトリトモカ,女,0547004965,1965/09/07
345,笠井忠治,カサイタダハル,男,0956324068,1969/04/08
346,新川和弘,シンカワカズヒロ,男,0259490016,1976/08/25
347,柴崎小日菜,シバザキコヒナ,女,0877371720,1996/05/16
348,島安,シマヤスシ,男,0287487035,1984/06/20
349,内藤美智代,ナイトウミチヨ,女,0254833997,1973/11/02
350,三浦竜三,ミウラリュウゾウ,男,0553369218,1959/05/26
351,金城祐介,カナシロユウスケ,男,0870603799,1975/05/14
352,平尾嘉子,ヒラオヨシコ,女,0478346343,1966/05/02
353,浜口太一,ハマグチタイチ,男,0768286477,1960/05/02
354,勝又香,カツマタカオル,女,0948904830,1966/11/25
355,井口優月,イグチユヅキ,女,0696030395,1989/07/15
356,碓井陽保,ウスイハルヤス,男,0768383748,1969/08/22
357,川添武一,カワゾエタケイチ,男,0193175046,1988/09/16
358,鮫島冨美子,サメジマフミコ,女,0241341535,1974/03/31
359,山下奈津美,ヤマシタナツミ,女,0745842753,1979/08/08
360,村瀬菜那,ムラセナナ,女,0731399219,1994/02/06
361,遠山涼馬,トオヤマリョウマ,男,0261419663,1996/07/06
362,今西佐登子,イマニシサトコ,女,0595829190,1975/07/09
363,尾崎瑞稀,オザキミズキ,女,0377816668,1993/06/11
364,大宮利昭,オオミヤトシアキ,男,098766755,1994/05/05
365,芳賀優空,ハガユラ,女,0834366312,1995/02/04
366,梅本杏紗,ウメモトアズサ,女,0544206342,1998/08/16
367,千田隆,センダタカシ,男,0247019580,1966/02/20
368,今井祐一郎,イマイユウイチロウ,男,0953773010,1968/01/20
369,寺沢翔也,テラサワショウヤ,男,0984503369,1997/10/14
370,石本隼人,イシモトハヤト,男,0736358161,1989/12/20
371,井本繁,イモトシゲル,男,0898838510,1992/03/06
372,木本碧依,キモトアオイ,女,0836192505,1966/07/22
373,大竹敬三,オオタケケイゾウ,男,0537186470,1968/01/17
374,谷本嘉男,タニモトヨシオ,男,0553863321,1982/01/14
375,脇田伸生,ワキタノブオ,男,0237001941,1979/05/31
376,名取雅春,ナトリマサハル,男,0499300414,1995/11/09
377,黒沢恒敏,クロサワツネトシ,男,0277037474,1981/02/09
378,玉城香帆,タマキカホ,女,0995533900,1985/09/13
379,池上正紀,イケガミマサキ,男,0885190374,1974/04/19
380,石倉博史,イシクラヒロシ,男,0969407908,1990/12/31
381,風間凛遠,カザマリオン,男,076076142,1993/05/19
382,山元年紀,ヤマモトトシノリ,男,017745556,1987/12/29
383,高谷一葉,コウヤカズハ,女,0855056650,1995/03/03
384,奥田佳佑,オクダケイスケ,男,0988652528,1987/12/09
385,大槻沙羅,オオツキサラ,女,0747314915,1960/09/08
386,佐川登美子,サガワトミコ,女,0922574755,1988/10/13
387,坪田和弥,ツボタカズヤ,男,022342658,1971/09/15
388,古橋良明,フルハシヨシアキ,男,0771439672,1981/10/24
389,杉野亜希,スギノアキ,女,0974869710,1998/05/28
390,荒川歩,アラカワアユミ,女,0672101037,1993/12/09
391,小野田按,オノダアン,女,0767981548,1992/04/25
392,根本優奈,ネモトユウナ,女,0952130489,1979/09/18
393,藤岡登,フジオカノボル,男,0974147548,1967/01/21
394,田渕百恵,タブチモモエ,女,0891705493,1988/03/10
395,越智心咲,オチミサキ,女,0834420312,1979/08/25
396,唐沢俊二,カラサワシュンジ,男,0896943139,1966/11/23
397,益田伸一,マスダシンイチ,男,0774633051,1965/08/15
398,吉井咲良,ヨシイサラ,女,074044115,1986/10/19
399,真鍋夏実,マナベナツミ,女,0777436547,1993/04/12
400,熊倉善之,クマクラヨシユキ,男,0958004993,1976/03/03
401,深井華子,フカイハナコ,女,0985837914,1985/01/25
402,平夏鈴,タイラカリン,女,0747079021,1996/12/19
403,小倉風香,オグラフウカ,女,09965040,1960/12/03
404,浅川孝志,アサカワタカシ,男,076495523,1965/08/23
405,吉本陽南,ヨシモトヒナ,女,0955917434,1996/07/17
406,大畑敏,オオハタサトシ,男,0859151353,1977/08/27
407,山形謙治,ヤマガタケンジ,男,0939296171,1963/07/11
408,内海悠翔,ウツミハルカ,男,0558280635,1994/04/01
409,河崎史郎,カワサキシロウ,男,0831296575,1962/10/07
410,塩崎朱莉,シオザキアカリ,女,0439703919,1966/05/30
411,真野和裕,マノカズヒロ,男,0969714188,1960/02/02
412,坂田雛,サカタヒナ,女,0829665718,1970/12/25
413,滋賀麻耶,シガマヤ,女,078150941,1997/07/26
414,柏原麻柚奈,カシワバラマユナ,女,0768767169,1986/05/15
415,田原義夫,タワラヨシオ,男,0967462817,1964/06/16
416,塩沢知佳,シオザワチカ,女,0195586856,1988/05/24
417,中山祐二,ナカヤマユウジ,男,0406880166,1986/09/04
418,北条慶太,ホウジョウケイタ,男,0769132557,1967/11/01
419,末永国雄,スエナガクニオ,男,0740625361,1972/05/23
420,堀俊明,ホリトシアキ,男,0885763316,1993/02/09
421,中根富士雄,ナカネフジオ,男,0280919121,1960/04/13
422,岡部佳典,オカベヨシノリ,男,0738649616,1971/10/25
423,大石正康,オオイシマサヤス,男,0592814811,1970/02/18
424,会田泰夫,アイダヤスオ,男,0744919726,1978/07/23
425,酒井華乃,サカイカノ,女,0745781834,1988/05/15
426,峰啓子,ミネケイコ,女,0999243189,1964/08/14
427,的場琉菜,マトバルナ,女,0745936557,1968/12/14
428,平林義隆,ヒラバヤシヨシタカ,男,0231415130,1979/11/26
429,神戸幸仁,コウベユキヒト,男,0886900761,1982/05/15
430,橋口力男,ハシグチリキオ,男,0955683707,1963/09/29
431,西岡心優,ニシオカミユ,女,0555901876,1991/05/08
432,藤原直治,フジワラナオジ,男,0224808438,1961/05/05
433,竹下菜摘,タケシタナツミ,女,0829938293,1983/04/12
434,入江毅,イリエタケシ,男,0960325563,1968/06/26
435,早坂昭子,ハヤサカアキコ,女,0856090741,1959/09/06
436,大沼金造,オオヌマキンゾウ,男,0938258717,1996/05/08
437,三村凛,ミムラリン,女,025764097,1990/11/25
438,河崎真里,カワサキマリ,女,0563663597,1982/04/23
439,井手由紀子,イデユキコ,女,0853893375,1979/05/25
440,菅原麗華,スガハラレイカ,女,0884837946,1996/02/22
441,片山宏之,カタヤマヒロユキ,男,0963487479,1969/09/08
442,大城吉之助,オオシロキチノスケ,男,0255355031,1987/11/01
443,垣内初男,カキウチハツオ,男,0774866102,1974/10/01
444,船橋伸,フナバシシン,男,0926807703,1976/07/30
445,城戸正康,キドマサヤス,男,0188565551,1973/04/15
446,和泉泰智,イズミタイチ,男,0961186222,1995/04/20
447,金野金吾,カネノキンゴ,男,0308299839,1987/10/29
448,寺田菫,テラダスミレ,女,0883523657,1994/09/05
449,戸田美咲,トダミサキ,女,0386596302,1966/07/26
450,有田満喜子,アリタマキコ,女,0184790469,1981/08/13
451,川越凛子,カワゴエリンコ,女,0982996988,1969/11/14
452,稲葉文子,イナバアヤコ,女,0979920622,1983/12/09
453,古川喜代子,フルカワキヨコ,女,0461684585,1963/09/04
454,末永桜香,スエナガオウカ,女,0583914530,1998/10/20
455,尾形亀次郎,オガタカメジロウ,男,0250899283,1963/06/25
456,堀井弘明,ホリイヒロアキ,男,018061812,1995/03/27
457,柏原靖子,カシワバラヤスコ,女,0527729683,1980/03/30
458,名取千代乃,ナトリチヨノ,女,025406369,1968/11/29
459,依田亜実,イダアミ,女,0183296469,1985/02/16
460,小暮孝子,コグレタカコ,女,0773659281,1989/10/14
461,磯崎康夫,イソザキヤスオ,男,0742374220,1980/04/16
462,北川敏男,キタガワトシオ,男,0265947479,1969/03/06
463,林奈保子,ハヤシナオコ,女,0879295088,1971/09/02
464,坂東莉菜,バンドウリナ,女,0887285275,1978/03/13
465,近藤真由子,コンドウマユコ,女,0972823656,1991/12/17
466,山本咲菜,ヤマモトサナ,女,0973053565,1982/11/13
467,門田達行,カドタタツユキ,男,0791798714,1994/03/01
468,佐野宣政,サノノブマサ,男,0985589963,1991/01/16
469,大林結子,オオバヤシユイコ,女,0260669518,1968/01/25
470,斎藤国男,サイトウクニオ,男,0984053590,1997/11/14
471,畑未来,ハタケミライ,女,0546320066,1988/11/30
472,前原絢香,マエハラアヤカ,女,0990535981,1996/10/10
473,大淵康代,オオブチヤスヨ,女,0584492676,1991/02/14
474,川西進,カワニシススム,男,0982891433,1991/10/22
475,谷口明日夏,タニグチアスカ,女,0191577532,1994/03/30
476,玉城朱里,タマキアカリ,女,0983682173,1980/10/28
477,神崎文,カンザキアヤ,女,0258425097,1995/12/31
478,田淵寧音,タブチネネ,女,0139646146,1978/02/22
479,小山田翔太,オヤマダショウタ,男,022970351,1984/10/14
480,大沼善次,オオヌマヨシツグ,男,0173788279,1992/04/18
481,齋藤英男,サイトウヒデオ,男,0730739622,1988/01/05
482,風間昭吉,カザマショウキチ,男,0973039931,1987/09/30
483,服部義治,ハットリヨシハル,男,0766197221,1992/01/15
484,野上修一,ノガミシュウイチ,男,0856275258,1989/04/21
485,梅本日菜,ウメモトヒナ,女,0957915166,1991/09/26
486,宮本竜也,ミヤモトタツヤ,男,0235910794,1987/07/06
487,永瀬康之,ナガセヤスユキ,男,0969564667,1987/03/27
488,細野華絵,ホソノカエ,女,0991978970,1965/03/03
489,渥美孝雄,アツミタカオ,男,0836266849,1985/10/29
490,竹村香,タケムラカオル,女,0178967651,1997/04/18
491,大宮和葉,オオミヤカズハ,女,0944969707,1987/02/05
492,湯川秀,ユカワヒデ,男,099023505,1959/07/02
493,園田秀子,ソノダヒデコ,女,0763316427,1991/09/12
494,本村涼,モトムラリョウ,男,0782516093,1989/08/03
495,白木健司,シラキケンジ,男,0789853440,1981/01/03
496,今創,コンハジメ,男,08836599,1981/03/20
497,北原楓,キタハラカエデ,女,0885207452,1991/12/09
498,丹羽新奈,タンバニイナ,女,0740991163,1990/03/07
499,横川重吉,ヨコカワジュウキチ,男,0975237466,1966/07/29
500,岡山日和,オカヤマヒヨリ,男,0769418196,1998/05/01
501,大滝美樹,オオタキミキ,女,0114764326,1959/06/05
502,沼田晴香,ヌマタハルカ,女,0740729042,1991/01/11
503,三宅淳一,ミヤケジュンイチ,男,0306494450,1962/08/24
504,村田太郎,ムラタタロウ,男,0744673348,1973/06/14
505,柳田伸浩,ヤナギダノブヒロ,男,0726489053,1986/07/30
506,本橋春男,モトハシハルオ,男,0124654688,1961/02/15
507,倉田綾香,クラタアヤカ,女,0248692037,1981/07/09
508,岡部圭,オカベケイ,男,0277920964,1961/05/22
509,平原智恵,ヒラハラチエ,女,0284973872,1962/05/24
510,藤崎俊文,フジザキトシフミ,男,0896273072,1988/01/18
511,宮脇稜大,ミヤワキリョウダイ,男,0882292728,1970/06/10
512,神田広志,カンダヒロシ,男,0464826571,1977/02/28
513,河村岩雄,カワムライワオ,男,0837979389,1976/12/16
514,門田久子,カドタヒサコ,女,0858952546,1981/05/22
515,宮沢真凛,ミヤザワマリン,女,0224701154,1959/09/18
516,福島佳歩,フクシマカホ,女,0896486720,1973/01/07
517,桜井圭子,サクライケイコ,女,0454459997,1965/11/23
518,西清三郎,ニシセイザブロウ,男,0870795400,1995/02/06
519,畑中春男,ハタナカハルオ,男,0749445970,1987/06/19
520,富山道春,トミヤマミチハル,男,0972456016,1984/01/15
521,小関鈴子,オセキスズコ,女,0799625835,1982/01/11
522,永島菜々,ナガシマナナ,女,0965040461,1998/08/17
523,芦田菜帆,アシダナホ,女,0848685060,1977/07/23
524,吉永文男,ヨシナガフミオ,男,0558321477,1968/07/06
525,江口正利,エグチマサトシ,男,0256615929,1974/06/19
526,長谷部友香,ハセベトモカ,女,022820204,1968/02/10
527,垣内圭一,カキウチケイイチ,男,0875324817,1976/10/04
528,今杏理,コンアンリ,女,023874029,1988/10/24
529,勝又典子,カツマタノリコ,女,0736228673,1984/04/19
530,山中理子,ヤマナカリコ,女,0260815780,1992/05/04
531,三宅楓,ミヤケカエデ,女,0536648312,1970/09/26
532,太田陽奈,オオタヒナ,女,0779456663,1966/02/08
533,水谷二三男,ミズタニフミオ,男,0259329636,1988/11/14
534,矢野瑠花,ヤノルカ,女,0268157037,1993/04/20
535,三宅雛子,ミヤケヒナコ,女,0852967826,1991/06/05
536,半田梨紗,ハンダリサ,女,0954369487,1978/11/26
537,大木唯菜,オオキユイナ,女,0222349139,1975/06/08
538,菅野春香,スガノハルカ,女,052192453,1965/05/18
539,神戸紀幸,ゴウドノリユキ,男,0551880935,1980/04/07
540,高倉淳一,タカクラジュンイチ,男,0598185179,1975/07/21
541,中里幸次,ナカザトコウジ,男,0851484157,1972/12/17
542,末吉金一,スエヨシキンイチ,男,0992500814,1972/05/15
543,手島政行,テジママサユキ,男,0742304468,1978/06/02
544,宮脇謙一,ミヤワキケンイチ,男,0285988763,1961/12/08
545,水口千慧,ミズグチチサト,男,0291204019,1994/03/28
546,丹野美紀子,タンノミキコ,女,0745727683,1967/08/27
547,大竹邦子,オオタケクニコ,女,0768912433,1974/09/06
548,野村光正,ノムラミツマサ,男,086186430,1960/11/21
549,瀬尾一華,セオイチカ,女,0453063808,1966/04/15
550,富永甫,トミナガハジメ,男,0563296637,1982/10/04
551,井口和美,イグチカズミ,女,0480088903,1989/12/09
552,石原洋子,イシハラヨウコ,女,0366399353,1993/07/31
553,越智公子,オチキミコ,女,0424863098,1996/05/20
554,前田茉奈,マエダマナ,女,0956586621,1961/08/19
555,原浩重,ハラヒロシゲ,男,0833895040,1973/08/23
556,中塚奈菜,ナカツカナナ,女,0969794458,1985/01/26
557,奥希美,オクキミ,女,0553986621,1975/04/27
558,吉原彰大,ヨシワラアキヒロ,男,0163762867,1998/08/06
559,高津正美,タカツマサミ,女,076132702,1994/07/22
560,広田武夫,ヒロタタケオ,男,0836297074,1976/09/08
561,丹羽正吾,タンバショウゴ,男,0463238502,1995/09/09
562,安永昌一郎,ヤスナガショウイチロウ,男,0777619035,1979/07/15
563,西田柚季,ニシダユズキ,女,0184871172,1980/09/26
564,河合市太郎,カワイイチタロウ,男,0484463686,1970/07/04
565,藤木友彦,フジキトモヒコ,男,0596513281,1986/07/16
566,谷幸子,タニサチコ,女,0473328933,1990/02/20
567,高柳穂乃花,タカヤナギホノカ,女,0527378478,1972/06/22
568,生田勇三,イクタユウゾウ,男,024899087,1968/04/08
569,名取竜三,ナトリリュウゾウ,男,0959559712,1981/02/03
570,黒崎吉雄,クロザキヨシオ,男,0740762766,1968/02/02
571,水島直,ミズシマタダシ,男,0887162651,1986/09/14
572,土屋光一,ツチヤコウイチ,男,0224222897,1983/06/01
573,川村忠義,カワムラタダヨシ,男,0430003181,1991/03/16
574,古山文男,フルヤマフミオ,男,0984235705,1973/04/22
575,岩本良三,イワモトリョウゾウ,男,0278386871,1971/12/31
576,多田晴花,オオタハルカ,女,0983075454,1965/12/27
577,西原昭次,ニシハラショウジ,男,0535368798,1987/10/28
578,大淵修二,オオブチシュウジ,男,0882841526,1976/09/08
579,牧麻衣子,マキマイコ,女,0226042605,1966/06/04
580,神山亜依,カミヤマアイ,女,0947924943,1961/09/14
581,今野一行,コンノカズユキ,男,0965763398,1964/05/07
582,笹森正三郎,ササモリショウザブロウ,男,0284440485,1966/06/30
583,碓井日出男,ウスイヒデオ,男,0748874395,1992/06/12
584,藤村沙樹,フジムラサキ,女,0942159520,1983/06/29
585,陳由真,チンユマ,女,0423708086,1982/09/25
586,横山由姫,ヨコヤマユキ,女,0472778609,1986/01/14
587,太田俊章,オオタトシアキ,男,0829140167,1983/05/17
588,横川亜希,ヨコカワアキ,女,0238674925,1980/03/13
589,高井彩希,タカイサキ,女,0983828132,1972/05/15
590,梅村瑠菜,ウメムラルナ,女,0839670531,1996/02/22
591,久保田千枝子,クボタチエコ,女,0224685690,1981/08/11
592,小野千夜,オノチヤ,女,0176108646,1998/03/15
593,岡崎麻耶,オカザキマヤ,女,0732458760,1984/03/04
594,菅沼健次郎,スガヌマケンジロウ,男,0403485016,1970/10/11
595,内村徳次郎,ウチムラトクジロウ,男,0270404899,1995/07/01
596,大城悠斗,オオシロユウト,男,0768219959,1981/10/23
597,井原蒼馬,イハラソウマ,男,0541867643,1999/02/19
598,竹村香奈,タケムラカナ,女,057208082,1967/01/23
599,玉井義隆,タマイヨシタカ,男,0745216585,1972/08/11
600,平松美代,ヒラマツミヨ,女,0776222201,1983/12/23
601,高野瑠衣,タカノルイ,女,0193657055,1964/06/16
602,花岡百合,ハナオカユリ,女,0881516573,1974/05/06
603,日野嘉男,ヒノヨシオ,男,0348010467,1966/06/03
604,平賀実,ヒラガミノル,男,0845374556,1998/05/24
605,古谷奈桜,フルヤナオ,女,0135893604,1999/01/12
606,及川秀之,オイカワヒデユキ,男,0229526422,1960/03/20
607,堀口莉乃,ホリグチリノ,女,0985032117,1997/02/03
608,相田宗一,アイダソウイチ,男,0836544236,1977/12/08
609,岩谷長吉,イワタニチョウキチ,男,0761460907,1987/12/26
610,杉本定吉,スギモトサダキチ,男,0771154963,1967/05/07
611,川添詩乃,カワゾエシノ,女,0795590227,1994/01/10
612,比嘉綾奈,ヒガアヤナ,女,073726692,1960/08/07
613,前川晴花,マエカワハルカ,女,0957357510,1966/07/02
614,古橋杏子,フルハシキョウコ,女,0247355541,1984/01/09
615,松村悦太郎,マツムラエツタロウ,男,0580840091,1988/11/07
616,若林真帆,ワカバヤシマホ,女,0786558089,1984/04/24
617,半田健三郎,ハンダケンザブロウ,男,0233482993,1975/01/02
618,宮内友洋,ミヤウチトモヒロ,男,0886640141,1969/02/25
619,植田未羽,ウエダミウ,女,0551609199,1970/03/22
620,内山健司,ウチヤマケンジ,男,077616849,1997/08/30
621,津田柚月,ツダユヅキ,女,0771049855,1989/01/31
622,大西莉紗,オオニシリサ,女,0349071415,1974/01/19
623,菅井美名子,スガイミナコ,女,0970728201,1991/03/07
624,中西喜代,ナカニシキヨ,女,0442515193,1977/11/13
625,吉村蓮,ヨシムラレン,女,0551106122,1989/09/02
626,三枝尚,サエグサタカシ,男,0856038041,1959/07/07
627,矢島実緒,ヤジマミオ,女,0265425545,1969/12/25
628,上杉貴美,ウエスギキミ,女,0985042874,1989/08/04
629,平松香奈子,ヒラマツカナコ,女,048268064,1990/01/11
630,荒井栄伸,アライヨシノブ,男,018606991,1972/01/19
631,本郷誠一,ホンゴウセイイチ,男,0983067005,1998/11/02
632,平尾利之,ヒラオトシユキ,男,0266305051,1997/07/07
633,大澤恵美子,オオサワエミコ,女,0732077369,1963/01/19
634,小野政美,オノマサミ,女,0764236241,1984/08/30
635,白木紬,シラキツムギ,女,0449892145,1973/03/26
636,福元英世,フクモトヒデヨ,男,0848077561,1979/10/28
637,安斎節夫,アンザイセツオ,男,0255895691,1996/06/03
638,神戸勝美,コウベカツミ,女,0557043134,1986/04/06
639,南美咲,ミナミミサキ,女,0958526911,1976/03/04
640,水口奈々,ミズグチナナ,女,0942125361,1980/03/02
641,金井理桜,カネイリオ,女,0572224606,1977/11/03
642,茂木寿,モギヒサシ,男,0744404627,1979/04/03
643,野村有沙,ノムラアリサ,女,0865024466,1959/06/22
644,大高唯菜,オオダカユイナ,女,0778105140,1979/12/09
645,大畑凛,オオハタリン,女,0225596447,1979/08/14
646,川島璃乃,カワシマリノ,女,0881889469,1981/06/09
647,深田正紀,フカダマサキ,男,0688447827,1987/07/08
648,田中美博,タナカヨシヒロ,男,0435023571,1978/01/17
649,三橋杏樹,ミハシアンジュ,女,0192279491,1970/02/02
650,大島重吉,オオシマジュウキチ,男,0186472232,1984/06/22
651,谷川朝子,タニガワトモコ,女,0837795817,1972/12/13
652,高山歩実,タカヤマアユミ,女,0778038839,1984/05/09
653,森田晴奈,モリタハルナ,女,0191023823,1988/02/16
654,内山敬三,ウチヤマケイゾウ,男,0761181845,1970/08/23
655,辻本松太郎,ツジモトマツタロウ,男,0785004205,1971/09/10
656,長島風香,ナガシマフウカ,女,0983756238,1990/03/12
657,梅津裕久,ウメヅヒロヒサ,男,0285650089,1985/06/14
658,中嶋亜弓,ナカジマアユミ,女,0546552506,1986/04/11
659,梶田かのん,カジタカノン,女,0173357548,1991/01/15
660,宇佐美美明,ウサミヨシアキ,男,0824135846,1979/09/13
661,泉修一,イズミシュウイチ,男,0889795540,1978/05/29
662,塚越源治,ツカゴシゲンジ,男,055300939,1988/08/29
663,池谷桃歌,イケタニモモカ,女,0436936745,1993/12/15
664,西岡秀樹,ニシオカヒデキ,男,0265964486,1959/06/24
665,三原英夫,ミハラヒデオ,男,0738296638,1980/09/07
666,西原誠司,ニシハラセイジ,男,0185773671,1992/04/20
667,児島華乃,コジマカノ,女,0974246992,1959/09/16
668,古河冨士子,フルカワフジコ,女,0592896417,1961/04/07
669,長島祐一郎,ナガシマユウイチロウ,男,0731866777,1982/11/29
670,本郷汎平,ホンゴウハンペイ,男,07702249,1959/06/24
671,亀山卓也,カメヤマタクヤ,男,0766351685,1971/03/17
672,岩間好一,イワマヨシカズ,男,0251070278,1980/05/16
673,戸田草太郎,トダソウタロウ,男,0994419440,1990/08/17
674,長瀬明仁,ナガセアキヒト,男,0975299654,1979/02/21
675,石黒耕平,イシグロコウヘイ,男,0955098637,1976/08/09
676,広川栄三郎,ヒロカワエイザブロウ,男,0730204022,1978/07/01
677,西沢茂,ニシザワシゲル,男,0237107716,1982/10/17
678,西村勇治,ニシムラユウジ,男,0820012104,1987/05/17
679,宮崎葉子,ミヤザキヨウコ,女,0594142755,1972/01/21
680,冨永節子,トミナガセツコ,女,0274893397,1970/03/13
681,唐沢尚司,カラサワショウジ,男,0831747567,1972/10/21
682,住田敏彦,スミダトシヒコ,男,0220276408,1976/02/13
683,竹中深雪,タケナカミユキ,女,0780423097,1971/06/05
684,岩下伊織,イワシタイオリ,女,095907816,1975/08/12
685,伊藤量子,イトウカズコ,女,0877318189,1977/12/04
686,堀越登美加,ホリコシトミカ,女,0268726865,1985/10/04
687,堀口沙耶香,ホリグチサヤカ,女,0265485946,1966/07/07
688,上条美羽,カミジョウミウ,女,0423372486,1985/09/16
689,森川亜矢子,モリカワアヤコ,女,018451598,1997/08/02
690,春日奈緒美,カスガナオミ,女,0867195213,1980/10/13
691,松原盛雄,マツバラモリオ,男,0167320773,1988/08/09
692,河上欧子,カワカミヒロコ,女,0993468341,1983/05/22
693,角亜矢,カクアヤ,女,0735154522,1993/02/24
694,野原果歩,ノハラカホ,女,0829246252,1963/02/20
695,古橋千鶴,フルハシチヅル,女,0180539687,1980/09/04
696,倉橋涼菜,クラハシスズナ,女,0285119405,1998/08/14
697,臼井信生,ウスイノブオ,男,0861437594,1984/05/01
698,上山晃一朗,カミヤマコウイチロウ,男,0920834233,1963/06/09
699,渋谷吉雄,シブヤヨシオ,男,0770689673,1997/03/13
700,南田芽依,ミナミダメイ,女,0197200733,1997/12/28
701,進藤清佳,シンドウサヤカ,女,0747332283,1972/12/08
702,永瀬史織,ナガセシオリ,女,0926286264,1968/10/02
703,宮原幸吉,ミヤハラコウキチ,男,055809279,1992/10/28
704,長谷雅人,ナガヤマサト,男,0880639422,1967/08/08
705,石山勝昭,イシヤマカツアキ,男,0461582483,1976/08/13
706,高見正徳,タカミマサノリ,男,0735078227,1985/04/28
707,出口忠吉,デクチチュウキチ,男,0591279105,1969/09/25
708,森谷杏樹,モリヤアンジュ,女,0769391796,1969/06/10
709,高嶋慎一,タカシマシンイチ,男,063040095,1978/09/15
710,長田瑞樹,ナガタミズキ,女,0785147611,1973/07/09
711,柳川和也,ヤナガワカズヤ,男,088027086,1992/03/24
712,矢沢天音,ヤザワアマネ,女,0280089310,1980/05/12
713,町田結衣,マチダユイ,女,0766460054,1974/04/13
714,久米匠,クメタクミ,男,0858392356,1963/04/21
715,長谷部天音,ハセベアマネ,女,098005681,1980/10/17
716,早川季衣,ハヤカワトシエ,女,0958091595,1986/10/09
717,新川一行,シンカワカズユキ,男,0892597585,1972/08/07
718,黒岩麻友,クロイワマユ,女,0855650587,1973/07/26
719,依田華蓮,イダカレン,女,0955250824,1988/09/26
720,森信行,モリノブユキ,男,059481279,1989/02/21
721,古賀裕久,コガヒロヒサ,男,0947442098,1974/05/30
722,室井亜衣,ムロイアイ,女,0583901922,1986/07/07
723,五十嵐初男,イガラシハツオ,男,095348458,1997/08/24
724,黒木理子,クロキリコ,女,0418732312,1984/03/26
725,中野雅康,ナカノマサヤス,男,0266738844,1990/02/26
726,和田伊吹,ワダイブキ,女,088388946,1973/07/30
727,柴崎浩,シバザキヒロシ,男,0983509656,1997/01/04
728,岡田浩寿,オカダヒロヒサ,男,0947584010,1966/04/14
729,湊恵子,ミナトケイコ,女,0554875920,1969/09/08
730,太田亜紀子,オオタアキコ,女,0165410433,1986/08/21
731,坂口喜久男,サカグチキクオ,男,0854444296,1993/04/04
732,長島博子,ナガシマヒロコ,女,0260437367,1985/10/19
733,吉井裕司,ヨシイユウジ,男,0289243041,1981/09/20
734,村井淳,ムライアツシ,男,0780058733,1988/01/17
735,山崎麻耶,ヤマザキマヤ,女,0174427847,1970/09/03
736,菅谷肇,スガヤハジメ,男,0553406939,1996/07/19
737,飯塚幸彦,イイヅカユキヒコ,男,0847680478,1959/07/24
738,大嶋満雄,オオシマミツオ,男,0853314962,1978/04/22
739,鳥居克子,トリイカツコ,女,025397027,1963/07/10
740,鵜飼雅雄,ウカイマサオ,男,088488032,1980/02/03
741,矢野和島,ヤノワジマ,男,0556735471,1961/05/31
742,西脇耕筰,ニシワキコウサク,男,073469350,1992/07/30
743,松田正次郎,マツダショウジロウ,男,0555628683,1965/06/26
744,進藤友美,シンドウユミ,女,0837723336,1961/05/02
745,西村素子,ニシムラモトコ,女,0999744766,1972/05/02
746,青山紗弥,アオヤマサヤ,女,0270913468,1971/03/10
747,坂野聡子,サカノサトコ,女,0173470002,1985/11/09
748,金田冨士子,カナダフジコ,女,0778009531,1981/03/05
749,瀬戸公彦,セトキミヒコ,男,0981001047,1990/02/22
750,辻本桃果,ツジモトモモカ,女,083293118,1987/12/19
751,笠原栄三郎,カサハラエイザブロウ,男,0987827009,1982/01/30
752,菅井春雄,スガイハルオ,男,0974306144,1960/07/30
753,荒木昌彦,アラキマサヒコ,男,0174595521,1976/03/20
754,安西治虫,アンザイオサム,男,0228366937,1994/08/15
755,森田莉歩,モリタリホ,女,0230533207,1966/03/02
756,中西仁,ナカニシヒトシ,男,0489890972,1971/01/31
757,白川忠治,シラカワタダハル,男,0893497031,1983/08/11
758,李郁代,リイクヨ,女,0119340441,1981/07/16
759,米山栄次,コメヤマエイジ,男,0799620511,1988/06/16
760,中野義隆,ナカノヨシタカ,男,0194951321,1974/05/05
761,赤木香織,アカギカオリ,女,0554515521,1980/04/11
762,齋藤千紗,サイトウチサ,女,0249004885,1983/08/11
763,大村香奈,オオムラカナ,女,0772246827,1996/11/15
764,中昌利,ナカマサトシ,男,0747768495,1967/01/13
765,瀬尾毅雄,セオタケオ,男,0876885457,1980/02/08
766,熊谷亜矢,クマガヤアヤ,女,0309826681,1968/04/18
767,三輪葉奈,ミワハナ,女,0180677586,1977/04/23
768,保坂佐知子,ホサカサチコ,女,0186127826,1964/10/08
769,村松和広,ムラマツカズヒロ,男,052787934,1972/06/26
770,嶋田莉沙,シマダリサ,女,0575252223,1989/06/14
771,横井愛梨,ヨコイアイリ,女,0859157881,1998/08/20
772,深谷由香,フカヤユカ,女,026874286,1991/06/26
773,小口紗和,オグチサワ,女,0740430119,1967/05/23
774,黒沢昭三,クロサワショウゾウ,男,0980658435,1968/06/06
775,金山優美,カナヤマユミ,女,0876162947,1965/02/11
776,郡司達郎,グンジタツロウ,男,012330259,1968/04/02
777,平原晴琉人,ヒラハラハルト,男,0590969821,1997/06/23
778,五十嵐和秀,イガラシカズヒデ,男,0233129785,1989/11/28
779,堀井勝美,ホリイカツミ,女,0729279091,1964/11/15
780,三好裕美,ミヨシヒロミ,女,0952614085,1992/05/06
781,雨宮清一,アメミヤセイイチ,男,0179389591,1977/03/19
782,野崎睦,ノザキムツミ,女,0230491333,1971/03/09
783,磯崎拓真,イソザキタクマ,男,0986213185,1991/03/09
784,永井優依,ナガイユイ,女,0172427957,1995/04/11
785,高尾孝志,タカオタカシ,男,040532042,1998/12/18
786,関根正樹,セキネマサキ,男,0282155411,1988/08/05
787,川島紀夫,カワシマノリオ,男,0221360541,1988/06/06
788,志村鑑,シムラアキラ,男,0971845231,1974/07/05
789,玉城愛莉,タマキアイリ,女,0964655367,1973/01/27
790,秋山幸治,アキヤマコウジ,男,0775152896,1961/01/13
791,松野健二,マツノケンジ,男,0280182870,1982/05/20
792,横川涼香,ヨコカワスズカ,女,022327938,1983/09/24
793,日高峰雄,ヒダカミネオ,男,096168396,1993/03/19
794,島崎奈菜,シマザキナナ,女,0882712391,1990/08/31
795,高坂遥佳,コウサカハルカ,女,0581532049,1997/08/16
796,中森満雄,ナカモリミツオ,男,0958700590,1974/09/06
797,大淵華音,オオブチカノン,女,099706433,1968/04/08
798,藤野常雄,フジノツネオ,男,0176033691,1978/04/01
799,白石卓也,シライシタクヤ,男,0885991208,1969/10/09
800,染谷清二,ソメヤセイジ,男,0746620087,1994/05/07
801,森下晴夫,モリシタハルオ,男,0551799193,1960/07/24
802,植村柚月,ウエムラユヅキ,女,0582714677,1961/09/30
803,関根基一,セキネキイチ,男,0254041874,1996/04/12
804,堀江琉奈,ホリエルナ,女,0865434975,1994/07/24
805,那須希美,ナスキミ,女,0287610560,1978/03/16
806,松沢和代,マツザワカズヨ,女,0954097510,1988/06/03
807,寺沢光希,テラサワミツキ,女,0760815859,1961/11/24
808,小口美奈子,オグチミナコ,女,0778378416,1963/04/20
809,笹森信男,ササモリノブオ,男,0837864347,1991/08/02
810,西島友彦,ニシジマトモヒコ,男,0524822036,1975/02/03
811,倉橋紫音,クラハシシオン,女,0984035166,1963/10/14
812,三原真司,ミハラシンジ,男,0483579554,1966/08/16
813,米倉正男,ヨネクラマサオ,男,0965070646,1972/02/15
814,長谷莉那,ナガヤリナ,女,0454632714,1962/01/08
815,三谷華音,ミタニカノン,女,0748011631,1972/12/18
816,溝口鈴,ミゾグチリン,女,0926266573,1976/11/30
817,荒木文,アラキアヤ,女,0997996339,1971/04/22
818,澤田洋晶,サワダヒロアキ,男,082975906,1990/06/15
819,古沢聡,フルサワサトシ,男,0408047861,1982/11/25
820,滝沢美春,タキザワミハル,女,0220875652,1983/08/09
821,星里紗,ホシリサ,女,0832351629,1998/05/13
822,堀井晶,ホリイアキラ,女,0883715009,1997/06/16
823,尾形正春,オガタマサハル,男,0584173479,1978/05/07
824,小松瑛梨,コマツエリ,女,0778886103,1996/03/22
825,坂本誠治,サカモトセイジ,男,0233386065,1994/03/25
826,大畑佳祐,オオハタケイスケ,男,0156876691,1998/05/10
827,宮坂美貴,ミヤサカミキ,女,0257168315,1961/01/18
828,三木孝通,ミキタカミチ,男,0595937987,1986/02/20
829,藤田洋晶,フジタヒロアキ,男,0977344217,1976/11/15
830,真鍋二菜,マナベニナ,女,0952656648,1997/05/19
831,湯川爽翔,ユカワサヤト,男,0277418682,1994/07/06
832,勝田亜弥,カツタアヤ,女,0552781819,1984/03/10
833,楠本智恵子,クスモトチエコ,女,0554282506,1985/06/20
834,氏家喜太郎,ウジイエキタロウ,男,0961888637,1961/02/28
835,荻野莉子,オギノリコ,女,0835844066,1970/03/27
836,五味清太郎,ゴミセイタロウ,男,0178203848,1986/08/19
837,北岡紗那,キタオカサナ,女,0226635246,1963/11/23
838,西岡咲月,ニシオカサツキ,女,0461982381,1984/07/28
839,北条結香,ホウジョウユイカ,女,0255046749,1995/09/06
840,平塚佐登子,ヒラツカサトコ,女,0260593381,1984/10/29
841,野原文一,ノハラブンイチ,男,0247260632,1971/08/15
842,大矢卓,オオヤタカシ,男,0267013880,1997/01/23
843,平山仁志,ヒラヤマヒトシ,男,0686940581,1988/02/28
844,濱田萌,ハマダモエ,女,0856903298,1968/08/17
845,水田妃奈,ミズタヒナ,女,0895843804,1983/08/06
846,栗山盛夫,クリヤマモリオ,男,025587142,1988/03/13
847,沢村正次,サワムラショウジ,男,0426776284,1990/05/05
848,関根悦子,セキネエツコ,女,0879203736,1961/01/19
849,阿部菜穂,アベナホ,女,0150772498,1969/09/27
850,黒木昭治,クロキショウジ,男,0926119311,1980/12/11
851,石塚栞奈,イシヅカカンナ,女,0829430109,1990/02/21
852,渡部幸彦,ワタナベユキヒコ,男,0189802532,1981/08/25
853,峰政義,ミネマサヨシ,男,0956000482,1985/09/05
854,河田莉沙,カワダリサ,女,0598241357,1988/03/09
855,浜田佳祐,ハマダケイスケ,男,0586583445,1986/05/08
856,浅沼貞治,アサヌマテイジ,男,0243130419,1995/08/16
857,中本有沙,ナカモトアリサ,女,0829491617,1990/10/21
858,安西健三郎,アンザイケンザブロウ,男,0879874683,1966/09/17
859,河口勇三,カワグチユウゾウ,男,0568833717,1984/07/02
860,石本千枝子,イシモトチエコ,女,0989821702,1982/12/08
861,妹尾浩俊,セノオヒロトシ,男,0545708803,1985/05/15
862,平井朱莉,ヒライアカリ,女,022438182,1961/09/18
863,中岡明日翔,ナカオカアスト,男,0117561239,1998/04/05
864,向井絢子,ムカイアヤコ,女,0988805014,1967/01/11
865,中塚心美,ナカツカココミ,女,08603349,1995/02/24
866,川野美沙,カワノミサ,女,0495099510,1990/03/19
867,小平栄太郎,コダイラエイタロウ,男,0776918725,1992/06/17
868,山中睦夫,ヤマナカムツオ,男,0261284136,1983/04/27
869,菅谷新菜,スガヤニイナ,女,0860369705,1998/06/16
870,宮坂克洋,ミヤサカカツヒロ,男,0525390110,1962/09/12
871,羽鳥大輝,ハトリダイキ,男,0847178302,1997/02/22
872,三宅美奈代,ミヤケミナヨ,女,0920374754,1963/08/16
873,大沼亀次郎,オオヌマカメジロウ,男,0744562620,1996/11/30
874,武井萌,タケイモエ,女,0270988106,1964/06/11
875,清野花凛,キヨノカリン,女,047222095,1982/12/06
876,湯川結月,ユカワユヅキ,女,0281541301,1997/11/10
877,松本貞子,マツモトサダコ,女,0492174895,1967/10/30
878,坂東守友,バンドウモリトモ,男,0586728139,1987/03/29
879,山岡恵一,ヤマオカケイイチ,男,0847687685,1962/11/04
880,橋口沙羅,ハシグチサラ,女,022509259,1979/12/26
881,谷本知佳,タニモトチカ,女,0749725808,1992/02/26
882,緒方沙羅花,オガタサラカ,女,0953170759,1994/03/17
883,平田晴臣,ヒラタハルオミ,男,0276867532,1987/08/04
884,吉永涼,ヨシナガリョウ,女,076362463,1960/08/03
885,北原正好,キタハラマサヨシ,男,0442920068,1986/06/15
886,渡邊郁代,ワタナベイクヨ,女,0833417862,1994/09/22
887,松尾幸真,マツオユキマサ,男,0999645300,1963/06/21
888,小菅竜三,コスゲリュウゾウ,男,0998779626,1983/11/30
889,畠中正行,ハタナカマサユキ,男,0865473200,1965/12/04
890,磯崎善四郎,イソザキゼンシロウ,男,0965083519,1988/02/15
891,西本敦司,ニシモトアツシ,男,0157372885,1999/01/25
892,寺西英之,テラニシヒデユキ,男,0291149212,1972/09/25
893,吉村来実,ヨシムラクルミ,女,0968024394,1997/09/15
894,岡山柚香,オカヤマユズカ,女,0984086085,1964/02/11
895,平林久寛,ヒラバヤシヒサヒロ,男,0762019527,1976/03/16
896,梅田碧衣,ウメダアオイ,女,0765927964,1959/05/10
897,安川次男,ヤスカワツギオ,男,0824492322,1966/10/20
898,高坂一三,コウサカカズミ,男,0238387520,1959/07/30
899,梅沢未央,ウメザワミオ,女,0882884266,1968/02/24
900,杉原文男,スギハラフミオ,男,0137577145,1993/10/11
901,福岡麻子,フクオカマコ,女,0796684009,1982/09/16
902,今村紗季,イマムラサキ,女,0115616303,1970/05/31
903,大井愛奈,オオイアイナ,女,0887369695,1985/05/22
904,迫田金造,サコタキンゾウ,男,017502148,1982/02/05
905,今野俊哉,コンノトシヤ,男,0749980725,1969/07/02
906,高原郁子,タカハライクコ,女,0768382865,1985/04/05
907,本山昌嗣,モトヤママサシ,男,0889465525,1989/08/06
908,山川春代,ヤマカワハルヨ,女,0955321756,1985/12/18
909,上杉莉穂,ウエスギリホ,女,0845784310,1977/04/12
910,平林勲,ヒラバヤシイサオ,男,0880165620,1961/08/29
911,沢田有沙,サワダアリサ,女,0524609505,1960/04/08
912,渋谷七美,シブヤナナミ,女,0785896914,1978/10/21
913,日野匠,ヒノタクミ,男,0773765124,1972/09/24
914,松本金弥,マツモトキンヤ,男,0891365568,1991/10/03
915,布施和男,フセカズオ,男,0763580933,1991/01/08
916,中田長蔵,ナカダチョウゾウ,男,0183443599,1976/01/06
917,野上真優,ノガミマユ,女,0955282128,1970/02/27
918,岩渕菜帆,イワブチナホ,女,0432039097,1996/04/21
919,大沢明夫,オオサワアキオ,男,0897550193,1979/08/10
920,有田優月,アリタユヅキ,女,0553095183,1995/07/24
921,八木悠宇,ヤギユウ,男,0735970983,1995/04/21
922,水田麻美,ミズタアサミ,女,0772802233,1975/08/22
923,五味邦男,ゴミクニオ,男,0772833185,1971/11/14
924,日比野芳子,ヒビノヨシコ,女,0563264286,1959/10/12
925,岡村彰,オカムラアキラ,男,0605565481,1972/08/14
926,影山小百合,カゲヤマサユリ,女,0776922705,1986/07/16
927,中澤信生,ナカザワノブオ,男,0835864463,1985/06/15
928,有田妃奈,アリタヒナ,女,0942095869,1984/06/07
929,若松洋子,ワカマツヨウコ,女,0981250865,1962/07/03
930,町田愛奈,マチダアイナ,女,0978621946,1995/12/31
931,長沢寧々,ナガサワネネ,女,0553130390,1995/02/11
932,小松真子,コマツマコ,女,0135929997,1969/06/23
933,河村嘉一,カワムラカイチ,男,0386063628,1995/03/13
934,野沢潔,ノザワキヨシ,男,0595353379,1973/08/16
935,西岡春奈,ニシオカハルナ,女,0958550293,1972/01/14
936,島田千里,シマダチサト,女,0420227088,1995/04/18
937,北原菜々美,キタハラナナミ,女,098399467,1962/06/10
938,宮坂紗希,ミヤサカサキ,女,0233679323,1970/01/30
939,風間聡美,カザマサトミ,女,0197434966,1978/12/05
940,星野智,ホシノサトシ,男,0651044895,1992/01/20
941,平尾琉那,ヒラオルナ,女,0989829344,1959/09/03
942,北島令子,キタジマレイコ,女,0982376278,1979/09/21
943,加瀬愛結,カセアユ,女,0857357254,1963/10/29
944,飯野寧々,イイノネネ,女,0266657584,1976/07/12
945,岡村久吉,オカムラヒサキチ,男,0278192311,1972/01/14
946,赤松莉緒,アカマツリオ,女,0950019206,1974/06/16
947,内田晴雄,ウチダハルオ,男,0186872063,1970/07/10
948,二宮敦彦,ニノミヤアツヒコ,男,0872060492,1986/05/06
949,堀内春雄,ホリウチハルオ,男,0762555239,1980/01/29
950,土谷勝久,ツチヤカツヒサ,男,0747829671,1970/08/05
951,藤谷雄大,フジタニユダイ,男,0581549029,1992/06/22
952,増山丈夫,マスヤマタケオ,男,0855077488,1988/06/01
953,菅井茉莉,スガイマリ,女,0194544827,1973/01/21
954,神崎ここな,カンザキココナ,女,0872516435,1996/11/12
955,塩谷綾華,シオタニアヤカ,女,0854940299,1963/11/05
956,細野清三,ホソノセイゾウ,男,0185976136,1976/12/30
957,坂野匠,サカノタクミ,男,0780580470,1974/04/03
958,池田英司,イケダエイジ,男,0765665759,1995/05/18
959,藤川千佳,フジカワチカ,女,0746049323,1976/02/15
960,石塚俊章,イシヅカトシアキ,男,0965638023,1971/02/27
961,江原雅子,エバラマサコ,女,0768744192,1966/10/24
962,高柳優,タカヤナギユウ,女,0836104482,1967/04/17
963,三井彩花,ミツイアヤカ,女,0920692356,1966/12/04
964,湊一咲登,ミナトイサト,男,0879682128,1999/04/17
965,高田果歩,タカダカホ,女,0865130145,1999/03/08
966,齋藤政行,サイトウマサユキ,男,0528592787,1964/12/28
967,安達葉菜,アダチハナ,女,0827521429,1996/11/23
968,石丸文,イシマルアヤ,女,0887372407,1960/10/28
969,浅沼康雄,アサヌマヤスオ,男,0872362110,1973/05/07
970,五十嵐咲月,イガラシサツキ,女,0243313068,1967/02/15
971,熊谷竹雄,クマガヤタケオ,男,0855833449,1975/06/27
972,川畑夏乃子,カワバタカノコ,女,0440998347,1998/09/11
973,三木将磨,ミキショウマ,男,0879439212,1994/02/05
974,永瀬直樹,ナガセナオキ,男,0978275937,1985/10/23
975,田中俊郎,タナカトシロウ,男,098018799,1976/02/17
976,大友和夫,オオトモカズオ,男,0946088667,1996/08/23
977,伊藤敏夫,イトウトシオ,男,0885898607,1966/06/15
978,富沢誠吾,トミザワセイゴ,男,0282690347,1996/02/15
979,板倉薫花,イタクラユキカ,女,0769986233,1996/04/03
980,谷内良平,タニウチリョウヘイ,男,0952328750,1974/03/14
981,西村敏雄,ニシムラトシオ,男,0268605205,1996/11/11
982,青山美和子,アオヤマミワコ,女,0987995582,1980/04/20
983,上原花凛,ウエハラカリン,女,07735787,1980/04/14
984,大庭茂樹,オオニワシゲキ,男,0554827469,1962/09/09
985,北山由奈,キタヤマユナ,女,0287184289,1982/03/09
986,臼井華,ウスイハナ,女,0774287481,1970/06/07
987,井川双葉,イカワフタバ,女,0299948333,1992/07/23
988,稲田周二,イナダシュウジ,男,0286827407,1961/12/25
989,西原正巳,ニシハラマサミ,女,0277905801,1983/11/20
990,下川豊吉,シモカワトヨキチ,男,0455243639,1982/02/01
991,鳴海禎,ナルミタダシ,男,0988222137,1972/07/01
992,坂栄子,バンエイコ,女,088358731,1964/08/21
993,牧八重子,マキヤエコ,女,0899923504,1961/08/31
994,坂上信生,サカガミノブオ,男,0976875415,1983/02/02
995,富永克子,トミナガカツコ,女,019334519,1991/11/22
996,赤井剛,アカイタケシ,男,0990356109,1977/12/21
997,平田典子,ヒラタノリコ,女,0170178687,1966/07/30
998,日野秋夫,ヒノアキオ,男,0839491668,1977/06/29
999,二宮麻衣,ニノミヤマイ,女,0840520408,1979/02/14
1000,湊明音,ミナトアカネ,女,0224849808,1981/01/06
